what,kind,bundleId,bundleVersion,description,time
java.vm.vendor,sysinfo,,,"Sun Microsystems Inc.",1298749036683
java.vm.version,sysinfo,,,"17.0-b16",1298749036683
started,bundle,org.eclipse.ltk.core.refactoring,3.5.100.v20100526-0800,"org.eclipse.ltk.core.refactoring",1298749059193
opened,view,org.eclipse.php.ui,2.2.0.v20100616-1900,"org.eclipse.php.ui.explorer",1298749059240
opened,view,org.eclipse.ui.views,3.5.0.I20100527-0800,"org.eclipse.ui.views.ContentOutline",1298749059333
activated,perspective,org.eclipse.php.ui,2.2.0.v20100616-1900,"org.eclipse.php.perspective",1298749059349
started,bundle,org.eclipse.rse.services,3.2.0.v201006041352,"org.eclipse.rse.services",1298749059442
started,bundle,org.eclipse.rse.core,3.1.100.v201003151933,"org.eclipse.rse.core",1298749059458
started,bundle,org.eclipse.rse.ui,3.1.100.v201005282245,"org.eclipse.rse.ui",1298749059739
started,bundle,org.eclipse.dltk.rse.ui,2.0.0.v20100115-2213,"org.eclipse.dltk.rse.ui",1298749059739
started,bundle,org.eclipse.dltk.rse.core,2.0.0.v20100115-2213,"org.eclipse.dltk.rse.core",1298749059739
activated,view,org.eclipse.php.ui,2.2.0.v20100616-1900,"org.eclipse.php.ui.explorer",1298749061143
started,bundle,org.eclipse.jdt.core,3.6.1.v_A68_R36x,"org.eclipse.jdt.core",1298749062453
started,bundle,org.eclipse.jdt.core.manipulation,1.3.0.v20100520-0800,"org.eclipse.jdt.core.manipulation",1298749062516
started,bundle,org.eclipse.jdt.ui,3.6.1.r361_v20100825-0800,"org.eclipse.jdt.ui",1298749062516
opened,editor,org.eclipse.php.ui,2.2.0.v20100616-1900,"org.eclipse.php.editor",1298749072531
activated,editor,org.eclipse.php.ui,2.2.0.v20100616-1900,"org.eclipse.php.editor",1298749072593
started,bundle,org.eclipse.compare,3.5.100.I20100526-0800,"org.eclipse.compare",1298749085260
started,bundle,org.eclipse.dltk.validators.ui,2.0.0.v20091214-1712,"org.eclipse.dltk.validators.ui",1298749085338
started,bundle,org.eclipse.dltk.validators.core,1.0.0.v20100524-0038,"org.eclipse.dltk.validators.core",1298749085370
started,bundle,org.eclipse.dltk.validators.externalchecker,1.0.0.v20090803-1754,"org.eclipse.dltk.validators.externalchecker",1298749085401
deactivated,workbench,org.eclipse.ui.workbench,3.6.0.I20100603-1100,"",1298749092000
activated,workbench,org.eclipse.ui.workbench,3.6.0.I20100603-1100,"",1298749095354
activated,view,org.eclipse.php.ui,2.2.0.v20100616-1900,"org.eclipse.php.ui.explorer",1298749105104
started,bundle,org.eclipse.wst.server.core,1.1.204.v20100908,"org.eclipse.wst.server.core",1298749106539
started,bundle,org.eclipse.wst.server.ui,1.1.205.v20100908,"org.eclipse.wst.server.ui",1298749106539
started,bundle,org.eclipse.php.server.ui,2.2.0.v20100616-1900,"org.eclipse.php.server.ui",1298749106554
deactivated,workbench,org.eclipse.ui.workbench,3.6.0.I20100603-1100,"",1298749108770
opened,view,org.eclipse.search,3.6.0.v20100520-0800,"org.eclipse.search.ui.views.SearchView",1298749113294
activated,view,org.eclipse.search,3.6.0.v20100520-0800,"org.eclipse.search.ui.views.SearchView",1298749113325
activated,workbench,org.eclipse.ui.workbench,3.6.0.I20100603-1100,"",1298749113512
activated,editor,org.eclipse.php.ui,2.2.0.v20100616-1900,"org.eclipse.php.editor",1298749115665
deactivated,workbench,org.eclipse.ui.workbench,3.6.0.I20100603-1100,"",1298749118722
activated,view,org.eclipse.search,3.6.0.v20100520-0800,"org.eclipse.search.ui.views.SearchView",1298749126600
activated,workbench,org.eclipse.ui.workbench,3.6.0.I20100603-1100,"",1298749126632
activated,editor,org.eclipse.php.ui,2.2.0.v20100616-1900,"org.eclipse.php.editor",1298749130188
deactivated,workbench,org.eclipse.ui.workbench,3.6.0.I20100603-1100,"",1298749134135
activated,view,org.eclipse.search,3.6.0.v20100520-0800,"org.eclipse.search.ui.views.SearchView",1298749136101
activated,workbench,org.eclipse.ui.workbench,3.6.0.I20100603-1100,"",1298749136226
executed,command,org.eclipse.search,3.6.0.v20100520-0800,"org.eclipse.search.ui.openFileSearchPage",1298749136241
deactivated,workbench,org.eclipse.ui.workbench,3.6.0.I20100603-1100,"",1298749136538
activated,workbench,org.eclipse.ui.workbench,3.6.0.I20100603-1100,"",1298749141717
opened,editor,org.eclipse.php.ui,2.2.0.v20100616-1900,"org.eclipse.php.editor",1298749154914
activated,editor,org.eclipse.php.ui,2.2.0.v20100616-1900,"org.eclipse.php.editor",1298749155008
activated,view,org.eclipse.search,3.6.0.v20100520-0800,"org.eclipse.search.ui.views.SearchView",1298749158034
activated,editor,org.eclipse.php.ui,2.2.0.v20100616-1900,"org.eclipse.php.editor",1298749163869
deactivated,workbench,org.eclipse.ui.workbench,3.6.0.I20100603-1100,"",1298749310135
activated,view,org.eclipse.search,3.6.0.v20100520-0800,"org.eclipse.search.ui.views.SearchView",1298749312943
activated,workbench,org.eclipse.ui.workbench,3.6.0.I20100603-1100,"",1298749312974
executed,command,org.eclipse.search,3.6.0.v20100520-0800,"org.eclipse.search.ui.openFileSearchPage",1298749312990
activated,perspective,org.eclipse.php.debug.ui,,"org.eclipse.php.debug.ui.PHPDebugPerspective",1299977157520
started,bundle,org.eclipse.osgi,3.6.0.v20100517,"org.eclipse.osgi",1299977157521
started,bundle,org.eclipse.equinox.simpleconfigurator,1.0.200.v20100503,"org.eclipse.equinox.simpleconfigurator",1299977157522
started,bundle,com.ibm.icu,4.2.1.v20100412,"com.ibm.icu",1299977157523
started,bundle,org.eclipse.compare.core,3.5.100.I20100526-0800,"org.eclipse.compare.core",1299977157523
started,bundle,org.eclipse.core.contenttype,3.4.100.v20100505-1235,"org.eclipse.core.contenttype",1299977157523
started,bundle,org.eclipse.core.databinding.observable,1.3.0.I20100601-0800,"org.eclipse.core.databinding.observable",1299977157524
started,bundle,org.eclipse.core.expressions,3.4.200.v20100505,"org.eclipse.core.expressions",1299977157525
started,bundle,org.eclipse.core.filebuffers,3.5.100.v20100520-0800,"org.eclipse.core.filebuffers",1299977157525
started,bundle,org.eclipse.core.filesystem,1.3.0.v20100526-0737,"org.eclipse.core.filesystem",1299977157527
started,bundle,org.eclipse.core.jobs,3.5.0.v20100515,"org.eclipse.core.jobs",1299977157527
started,bundle,org.eclipse.core.net,1.2.100.I20100511-0800,"org.eclipse.core.net",1299977157528
started,bundle,org.eclipse.core.resources,3.6.0.v20100526-0737,"org.eclipse.core.resources",1299977157528
started,bundle,org.eclipse.core.runtime,3.6.0.v20100505,"org.eclipse.core.runtime",1299977157529
started,bundle,org.eclipse.core.runtime.compatibility,3.2.100.v20100505,"org.eclipse.core.runtime.compatibility",1299977157530
started,bundle,org.eclipse.core.runtime.compatibility.auth,3.2.200.v20100517,"org.eclipse.core.runtime.compatibility.auth",1299977157532
started,bundle,org.eclipse.debug.core,3.6.0.v20100519,"org.eclipse.debug.core",1299977157533
started,bundle,org.eclipse.debug.ui,3.6.0.v20100601-1530,"org.eclipse.debug.ui",1299977157534
started,bundle,org.eclipse.dltk.validators.core,1.0.0.v20100524-0038,"org.eclipse.dltk.validators.core",1299977157535
started,bundle,org.eclipse.dltk.validators.externalchecker,1.0.0.v20090803-1754,"org.eclipse.dltk.validators.externalchecker",1299977157535
started,bundle,org.eclipse.emf.ecore.xmi,2.5.0.v20100521-1846,"org.eclipse.emf.ecore.xmi",1299977157535
started,bundle,org.eclipse.epp.usagedata.gathering,1.3.0.R201005261100,"org.eclipse.epp.usagedata.gathering",1299977157536
started,bundle,org.eclipse.epp.usagedata.recording,1.3.0.R201005261100,"org.eclipse.epp.usagedata.recording",1299977157536
started,bundle,org.eclipse.equinox.app,1.3.0.v20100512,"org.eclipse.equinox.app",1299977157536
started,bundle,org.eclipse.equinox.common,3.6.0.v20100503,"org.eclipse.equinox.common",1299977157537
started,bundle,org.eclipse.equinox.ds,1.2.0.v20100507,"org.eclipse.equinox.ds",1299977157538
started,bundle,org.eclipse.equinox.event,1.2.0.v20100503,"org.eclipse.equinox.event",1299977157538
started,bundle,org.eclipse.equinox.p2.core,2.0.0.v20100510,"org.eclipse.equinox.p2.core",1299977157539
started,bundle,org.eclipse.equinox.p2.directorywatcher,1.0.200.v20100601,"org.eclipse.equinox.p2.directorywatcher",1299977157540
started,bundle,org.eclipse.equinox.p2.engine,2.0.0.v20100606,"org.eclipse.equinox.p2.engine",1299977157541
started,bundle,org.eclipse.equinox.p2.metadata,2.0.0.v20100601,"org.eclipse.equinox.p2.metadata",1299977157542
started,bundle,org.eclipse.equinox.p2.metadata.repository,1.1.0.v20100513,"org.eclipse.equinox.p2.metadata.repository",1299977157543
started,bundle,org.eclipse.equinox.p2.operations,2.0.0.v20100510,"org.eclipse.equinox.p2.operations",1299977157543
started,bundle,org.eclipse.equinox.p2.reconciler.dropins,1.1.0.v20100525,"org.eclipse.equinox.p2.reconciler.dropins",1299977157544
started,bundle,org.eclipse.equinox.p2.repository,2.0.0.v20100519,"org.eclipse.equinox.p2.repository",1299977157545
started,bundle,org.eclipse.equinox.p2.ui.sdk.scheduler,1.0.0.v20100507-1815,"org.eclipse.equinox.p2.ui.sdk.scheduler",1299977157545
started,bundle,org.eclipse.equinox.p2.updatechecker,1.1.100.v20100503a,"org.eclipse.equinox.p2.updatechecker",1299977157545
started,bundle,org.eclipse.equinox.preferences,3.3.0.v20100503,"org.eclipse.equinox.preferences",1299977157546
started,bundle,org.eclipse.equinox.registry,3.5.0.v20100503,"org.eclipse.equinox.registry",1299977157546
started,bundle,org.eclipse.equinox.security,1.0.200.v20100503,"org.eclipse.equinox.security",1299977157562
started,bundle,org.eclipse.equinox.util,1.0.200.v20100503,"org.eclipse.equinox.util",1299977157563
started,bundle,org.eclipse.help,3.5.0.v20100524,"org.eclipse.help",1299977157564
started,bundle,org.eclipse.jface,3.6.0.I20100601-0800,"org.eclipse.jface",1299977157564
started,bundle,org.eclipse.jsch.core,1.1.200.I20100505-1245,"org.eclipse.jsch.core",1299977157564
started,bundle,org.eclipse.php.core,2.2.0.v20100616-1900,"org.eclipse.php.core",1299977157565
started,bundle,org.eclipse.php.debug.core,2.2.0.v20100616-1900,"org.eclipse.php.debug.core",1299977157565
started,bundle,org.eclipse.php.debug.ui,2.2.0.v20100616-1900,"org.eclipse.php.debug.ui",1299977157565
started,bundle,org.eclipse.php.server.core,2.2.0.v20100616-1900,"org.eclipse.php.server.core",1299977157566
started,bundle,org.eclipse.php.ui,2.2.0.v20100616-1900,"org.eclipse.php.ui",1299977157566
started,bundle,org.eclipse.search,3.6.0.v20100520-0800,"org.eclipse.search",1299977157566
started,bundle,org.eclipse.team.core,3.5.100.I20100527-0800,"org.eclipse.team.core",1299977157567
started,bundle,org.eclipse.ui,3.6.0.I20100603-1100,"org.eclipse.ui",1299977157568
started,bundle,org.eclipse.ui.console,3.5.0.v20100526,"org.eclipse.ui.console",1299977157569
started,bundle,org.eclipse.ui.editors,3.6.0.v20100520-0800,"org.eclipse.ui.editors",1299977157569
started,bundle,org.eclipse.ui.forms,3.5.0.v20100427,"org.eclipse.ui.forms",1299977157569
started,bundle,org.eclipse.ui.ide,3.6.0.I20100601-0800,"org.eclipse.ui.ide",1299977157570
started,bundle,org.eclipse.ui.net,1.2.100.I20100505-1245,"org.eclipse.ui.net",1299977157570
started,bundle,org.eclipse.ui.views,3.5.0.I20100527-0800,"org.eclipse.ui.views",1299977157571
started,bundle,org.eclipse.ui.workbench,3.6.0.I20100603-1100,"org.eclipse.ui.workbench",1299977157571
started,bundle,org.eclipse.ui.workbench.texteditor,3.6.0.v20100520-0800,"org.eclipse.ui.workbench.texteditor",1299977157572
started,bundle,org.eclipse.wst.common.core,1.2.0.v200908252030,"org.eclipse.wst.common.core",1299977157572
started,bundle,org.eclipse.wst.common.frameworks,1.2.0.v201003040800,"org.eclipse.wst.common.frameworks",1299977157573
started,bundle,org.eclipse.wst.common.uriresolver,1.1.401.v201004280700,"org.eclipse.wst.common.uriresolver",1299977157573
started,bundle,org.eclipse.wst.dtd.core,1.1.400.v201004290328,"org.eclipse.wst.dtd.core",1299977157573
started,bundle,org.eclipse.wst.dtd.ui,1.0.500.v201004290328,"org.eclipse.wst.dtd.ui",1299977157574
started,bundle,org.eclipse.wst.internet.cache,1.0.400.v201004280700,"org.eclipse.wst.internet.cache",1299977157574
started,bundle,org.eclipse.wst.jsdt.manipulation,1.0.200.v201004150600,"org.eclipse.wst.jsdt.manipulation",1299977157575
started,bundle,org.eclipse.wst.validation,1.2.200.v201005271900,"org.eclipse.wst.validation",1299977157575
started,bundle,org.eclipse.wst.xsl.core,1.1.0.v201004290328,"org.eclipse.wst.xsl.core",1299977157575
started,bundle,org.eclipse.wst.xsl.exslt.core,1.0.0.v201005240426,"org.eclipse.wst.xsl.exslt.core",1299977157584
started,bundle,org.eclipse.dltk.core,2.0.1.v20100806-1245,"org.eclipse.dltk.core",1299977157646
started,bundle,org.eclipse.dltk.core.index.sql,2.0.1.v20100909-1720,"org.eclipse.dltk.core.index.sql",1299977157646
started,bundle,org.eclipse.dltk.core.index.sql.h2,2.0.1.v20100909-1720,"org.eclipse.dltk.core.index.sql.h2",1299977157647
started,bundle,org.eclipse.dltk.launching,2.0.0.v20100806-1245,"org.eclipse.dltk.launching",1299977157649
started,bundle,org.eclipse.dltk.ui,2.0.0.v20100909-1720,"org.eclipse.dltk.ui",1299977157660
started,bundle,org.eclipse.emf.common,2.6.0.v20100914-1218,"org.eclipse.emf.common",1299977157661
started,bundle,org.eclipse.emf.ecore,2.6.1.v20100914-1218,"org.eclipse.emf.ecore",1299977157663
started,bundle,org.eclipse.jem.util,2.1.2.v201008120100,"org.eclipse.jem.util",1299977157664
started,bundle,org.eclipse.wst.common.emf,1.2.1.v201008260500,"org.eclipse.wst.common.emf",1299977157665
started,bundle,org.eclipse.wst.common.emfworkbench.integration,1.2.2.v201008242000,"org.eclipse.wst.common.emfworkbench.integration",1299977157665
started,bundle,org.eclipse.wst.common.modulecore,1.2.3.v201008242000,"org.eclipse.wst.common.modulecore",1299977157666
started,bundle,org.eclipse.wst.common.project.facet.core,1.4.102.v201008170019,"org.eclipse.wst.common.project.facet.core",1299977157667
started,bundle,org.eclipse.wst.css.core,1.1.401.v201008161749,"org.eclipse.wst.css.core",1299977157668
started,bundle,org.eclipse.wst.css.ui,1.0.501.v201008232042,"org.eclipse.wst.css.ui",1299977157669
started,bundle,org.eclipse.wst.html.core,1.1.402.v201008311901,"org.eclipse.wst.html.core",1299977157670
started,bundle,org.eclipse.wst.html.ui,1.0.502.v201009010342,"org.eclipse.wst.html.ui",1299977157671
started,bundle,org.eclipse.wst.jsdt.core,1.1.2.v201009011528,"org.eclipse.wst.jsdt.core",1299977157672
started,bundle,org.eclipse.wst.jsdt.ui,1.1.2.v201009010353,"org.eclipse.wst.jsdt.ui",1299977157686
started,bundle,org.eclipse.wst.jsdt.web.core,1.0.302.v201009091745,"org.eclipse.wst.jsdt.web.core",1299977157687
started,bundle,org.eclipse.wst.jsdt.web.ui,1.0.302.v201009091745,"org.eclipse.wst.jsdt.web.ui",1299977157688
started,bundle,org.eclipse.wst.sse.core,1.1.502.v201008311901,"org.eclipse.wst.sse.core",1299977157689
started,bundle,org.eclipse.wst.sse.ui,1.2.2.v201008232126,"org.eclipse.wst.sse.ui",1299977157689
started,bundle,org.eclipse.wst.xml.core,1.1.502.v201009010342,"org.eclipse.wst.xml.core",1299977157690
started,bundle,org.eclipse.wst.xml.ui,1.1.102.v201008251905,"org.eclipse.wst.xml.ui",1299977157691
started,bundle,org.eclipse.wst.xsd.core,1.1.502.v201008201521,"org.eclipse.wst.xsd.core",1299977157692
os,sysinfo,,,"win32",1299977157695
arch,sysinfo,,,"x86",1299977157695
ws,sysinfo,,,"win32",1299977157695
locale,sysinfo,,,"zh_CN",1299977157695
processors,sysinfo,,,"4",1299977157695
java.runtime.name,sysinfo,,,"Java(TM) SE Runtime Environment",1299977157695
java.runtime.version,sysinfo,,,"1.6.0_21-b06",1299977157695
java.specification.name,sysinfo,,,"Java Platform API Specification",1299977157695
java.specification.vendor,sysinfo,,,"Sun Microsystems Inc.",1299977157695
java.specification.version,sysinfo,,,"1.6",1299977157695
java.vendor,sysinfo,,,"Sun Microsystems Inc.",1299977157695
java.version,sysinfo,,,"1.6.0_21",1299977157695
java.vm.info,sysinfo,,,"mixed mode, sharing",1299977157695
java.vm.name,sysinfo,,,"Java HotSpot(TM) Client VM",1299977157695
java.vm.specification.name,sysinfo,,,"Java Virtual Machine Specification",1299977157695
java.vm.specification.vendor,sysinfo,,,"Sun Microsystems Inc.",1299977157695
java.vm.specification.version,sysinfo,,,"1.0",1299977157695
java.vm.vendor,sysinfo,,,"Sun Microsystems Inc.",1299977157695
java.vm.version,sysinfo,,,"17.0-b16",1299977157695
started,bundle,org.eclipse.mylyn.monitor.ui,3.4.0.v20100608-0100-e3x,"org.eclipse.mylyn.monitor.ui",1299977157785
started,bundle,org.eclipse.mylyn.commons.net,3.4.0.v20100608-0100-e3x,"org.eclipse.mylyn.commons.net",1299977157820
started,bundle,org.eclipse.mylyn.commons.ui,3.4.0.v20100608-0100-e3x,"org.eclipse.mylyn.commons.ui",1299977157915
started,bundle,org.eclipse.mylyn.bugzilla.core,3.4.0.v20100608-0100-e3x,"org.eclipse.mylyn.bugzilla.core",1299977157999
started,bundle,org.eclipse.mylyn.bugzilla.ui,3.4.0.v20100608-0100-e3x,"org.eclipse.mylyn.bugzilla.ui",1299977158036
started,bundle,org.eclipse.mylyn.context.core,3.4.0.v20100608-0100-e3x,"org.eclipse.mylyn.context.core",1299977158121
started,bundle,org.eclipse.mylyn.context.ui,3.4.0.v20100608-0100-e3x,"org.eclipse.mylyn.context.ui",1299977158131
started,bundle,org.eclipse.mylyn.tasks.ui,3.4.0.v20100608-0100-e3x,"org.eclipse.mylyn.tasks.ui",1299977158437
started,bundle,org.eclipse.mylyn.team.ui,3.4.0.v20100608-0100-e3x,"org.eclipse.mylyn.team.ui",1299977158482
started,bundle,org.eclipse.php.debug.daemon,2.2.0.v20100616-1900,"org.eclipse.php.debug.daemon",1299977158518
started,bundle,org.eclipse.update.scheduler,3.2.300.v20100512,"org.eclipse.update.scheduler",1299977158541
started,bundle,org.eclipse.update.configurator,3.3.100.v20100512,"org.eclipse.update.configurator",1299977158780
started,bundle,org.eclipse.update.core,3.2.400.v20100512,"org.eclipse.update.core",1299977158851
started,bundle,org.eclipse.epp.usagedata.ui,1.3.0.R201005261100,"org.eclipse.epp.usagedata.ui",1299977158852
started,bundle,org.eclipse.team.cvs.core,3.3.300.I20100526-0800,"org.eclipse.team.cvs.core",1299977159270
started,bundle,org.eclipse.team.ui,3.5.100.I20100527-0800,"org.eclipse.team.ui",1299977159343
started,bundle,org.eclipse.team.cvs.ui,3.3.300.I20100526-0800,"org.eclipse.team.cvs.ui",1299977159431
deactivated,workbench,org.eclipse.ui.workbench,3.6.0.I20100603-1100,"",1299977160120
activated,workbench,org.eclipse.ui.workbench,3.6.0.I20100603-1100,"",1299977198627
deactivated,workbench,org.eclipse.ui.workbench,3.6.0.I20100603-1100,"",1299977203649
activated,workbench,org.eclipse.ui.workbench,3.6.0.I20100603-1100,"",1299977207458
closed,workbench,org.eclipse.ui.workbench,3.6.0.I20100603-1100,"",1299977208855
stopped,bundle,org.eclipse.compare.win32,1.0.100.I20100505-1245,"org.eclipse.compare.win32",1299977209526
stopped,bundle,org.eclipse.dltk.testing,1.0.0.v20090914-1703,"org.eclipse.dltk.testing",1299977209548
stopped,bundle,org.eclipse.equinox.p2.ui.sdk,1.0.100.v20100513,"org.eclipse.equinox.p2.ui.sdk",1299977209585
stopped,bundle,org.zend.php.debug.debugger,5.3.18.v20100905,"org.zend.php.debug.debugger",1299977209613
stopped,bundle,org.eclipse.php.server.ui,2.2.0.v20100616-1900,"org.eclipse.php.server.ui",1299977209614
stopped,bundle,org.eclipse.php.debug.ui,2.2.0.v20100616-1900,"org.eclipse.php.debug.ui",1299977209614
stopped,bundle,org.eclipse.php.debug.core,2.2.0.v20100616-1900,"org.eclipse.php.debug.core",1299977209614
stopped,bundle,org.eclipse.php.ui,2.2.0.v20100616-1900,"org.eclipse.php.ui",1299977209614
activated,perspective,org.eclipse.php.debug.ui,,"org.eclipse.php.debug.ui.PHPDebugPerspective",1299977606691
started,bundle,org.eclipse.osgi,3.6.0.v20100517,"org.eclipse.osgi",1299977606692
started,bundle,org.eclipse.equinox.simpleconfigurator,1.0.200.v20100503,"org.eclipse.equinox.simpleconfigurator",1299977606693
started,bundle,com.ibm.icu,4.2.1.v20100412,"com.ibm.icu",1299977606694
started,bundle,org.eclipse.compare.core,3.5.100.I20100526-0800,"org.eclipse.compare.core",1299977606695
started,bundle,org.eclipse.core.contenttype,3.4.100.v20100505-1235,"org.eclipse.core.contenttype",1299977606695
started,bundle,org.eclipse.core.databinding.observable,1.3.0.I20100601-0800,"org.eclipse.core.databinding.observable",1299977606696
started,bundle,org.eclipse.core.expressions,3.4.200.v20100505,"org.eclipse.core.expressions",1299977606696
started,bundle,org.eclipse.core.filebuffers,3.5.100.v20100520-0800,"org.eclipse.core.filebuffers",1299977606697
started,bundle,org.eclipse.core.filesystem,1.3.0.v20100526-0737,"org.eclipse.core.filesystem",1299977606698
started,bundle,org.eclipse.core.jobs,3.5.0.v20100515,"org.eclipse.core.jobs",1299977606698
started,bundle,org.eclipse.core.net,1.2.100.I20100511-0800,"org.eclipse.core.net",1299977606699
started,bundle,org.eclipse.core.resources,3.6.0.v20100526-0737,"org.eclipse.core.resources",1299977606700
started,bundle,org.eclipse.core.runtime,3.6.0.v20100505,"org.eclipse.core.runtime",1299977606700
started,bundle,org.eclipse.core.runtime.compatibility,3.2.100.v20100505,"org.eclipse.core.runtime.compatibility",1299977606701
started,bundle,org.eclipse.core.runtime.compatibility.auth,3.2.200.v20100517,"org.eclipse.core.runtime.compatibility.auth",1299977606702
started,bundle,org.eclipse.debug.core,3.6.0.v20100519,"org.eclipse.debug.core",1299977606702
started,bundle,org.eclipse.debug.ui,3.6.0.v20100601-1530,"org.eclipse.debug.ui",1299977606703
started,bundle,org.eclipse.emf.ecore.xmi,2.5.0.v20100521-1846,"org.eclipse.emf.ecore.xmi",1299977606703
started,bundle,org.eclipse.epp.usagedata.gathering,1.3.0.R201005261100,"org.eclipse.epp.usagedata.gathering",1299977606704
started,bundle,org.eclipse.epp.usagedata.recording,1.3.0.R201005261100,"org.eclipse.epp.usagedata.recording",1299977606705
started,bundle,org.eclipse.equinox.app,1.3.0.v20100512,"org.eclipse.equinox.app",1299977606705
started,bundle,org.eclipse.equinox.common,3.6.0.v20100503,"org.eclipse.equinox.common",1299977606706
started,bundle,org.eclipse.equinox.ds,1.2.0.v20100507,"org.eclipse.equinox.ds",1299977606707
started,bundle,org.eclipse.equinox.event,1.2.0.v20100503,"org.eclipse.equinox.event",1299977606708
started,bundle,org.eclipse.equinox.p2.core,2.0.0.v20100510,"org.eclipse.equinox.p2.core",1299977606708
started,bundle,org.eclipse.equinox.p2.directorywatcher,1.0.200.v20100601,"org.eclipse.equinox.p2.directorywatcher",1299977606709
started,bundle,org.eclipse.equinox.p2.engine,2.0.0.v20100606,"org.eclipse.equinox.p2.engine",1299977606710
started,bundle,org.eclipse.equinox.p2.metadata,2.0.0.v20100601,"org.eclipse.equinox.p2.metadata",1299977606711
started,bundle,org.eclipse.equinox.p2.metadata.repository,1.1.0.v20100513,"org.eclipse.equinox.p2.metadata.repository",1299977606711
started,bundle,org.eclipse.equinox.p2.operations,2.0.0.v20100510,"org.eclipse.equinox.p2.operations",1299977606711
started,bundle,org.eclipse.equinox.p2.reconciler.dropins,1.1.0.v20100525,"org.eclipse.equinox.p2.reconciler.dropins",1299977606712
started,bundle,org.eclipse.equinox.p2.repository,2.0.0.v20100519,"org.eclipse.equinox.p2.repository",1299977606713
started,bundle,org.eclipse.equinox.p2.ui.sdk.scheduler,1.0.0.v20100507-1815,"org.eclipse.equinox.p2.ui.sdk.scheduler",1299977606713
started,bundle,org.eclipse.equinox.p2.updatechecker,1.1.100.v20100503a,"org.eclipse.equinox.p2.updatechecker",1299977606713
started,bundle,org.eclipse.equinox.preferences,3.3.0.v20100503,"org.eclipse.equinox.preferences",1299977606714
started,bundle,org.eclipse.equinox.registry,3.5.0.v20100503,"org.eclipse.equinox.registry",1299977606715
started,bundle,org.eclipse.equinox.security,1.0.200.v20100503,"org.eclipse.equinox.security",1299977606715
started,bundle,org.eclipse.equinox.util,1.0.200.v20100503,"org.eclipse.equinox.util",1299977606716
started,bundle,org.eclipse.help,3.5.0.v20100524,"org.eclipse.help",1299977606717
started,bundle,org.eclipse.jface,3.6.0.I20100601-0800,"org.eclipse.jface",1299977606717
started,bundle,org.eclipse.jsch.core,1.1.200.I20100505-1245,"org.eclipse.jsch.core",1299977606718
started,bundle,org.eclipse.mylyn.bugzilla.core,3.4.0.v20100608-0100-e3x,"org.eclipse.mylyn.bugzilla.core",1299977606718
started,bundle,org.eclipse.mylyn.bugzilla.ui,3.4.0.v20100608-0100-e3x,"org.eclipse.mylyn.bugzilla.ui",1299977606719
started,bundle,org.eclipse.mylyn.commons.net,3.4.0.v20100608-0100-e3x,"org.eclipse.mylyn.commons.net",1299977606719
started,bundle,org.eclipse.mylyn.commons.ui,3.4.0.v20100608-0100-e3x,"org.eclipse.mylyn.commons.ui",1299977606719
started,bundle,org.eclipse.mylyn.context.core,3.4.0.v20100608-0100-e3x,"org.eclipse.mylyn.context.core",1299977606720
started,bundle,org.eclipse.mylyn.context.ui,3.4.0.v20100608-0100-e3x,"org.eclipse.mylyn.context.ui",1299977606720
started,bundle,org.eclipse.mylyn.monitor.ui,3.4.0.v20100608-0100-e3x,"org.eclipse.mylyn.monitor.ui",1299977606720
started,bundle,org.eclipse.mylyn.tasks.ui,3.4.0.v20100608-0100-e3x,"org.eclipse.mylyn.tasks.ui",1299977606721
started,bundle,org.eclipse.mylyn.team.ui,3.4.0.v20100608-0100-e3x,"org.eclipse.mylyn.team.ui",1299977606722
started,bundle,org.eclipse.php.core,2.2.0.v20100616-1900,"org.eclipse.php.core",1299977606722
started,bundle,org.eclipse.php.debug.core,2.2.0.v20100616-1900,"org.eclipse.php.debug.core",1299977606723
started,bundle,org.eclipse.php.debug.daemon,2.2.0.v20100616-1900,"org.eclipse.php.debug.daemon",1299977606723
started,bundle,org.eclipse.php.debug.ui,2.2.0.v20100616-1900,"org.eclipse.php.debug.ui",1299977606723
started,bundle,org.eclipse.php.server.core,2.2.0.v20100616-1900,"org.eclipse.php.server.core",1299977606724
started,bundle,org.eclipse.php.ui,2.2.0.v20100616-1900,"org.eclipse.php.ui",1299977606724
started,bundle,org.eclipse.search,3.6.0.v20100520-0800,"org.eclipse.search",1299977606725
started,bundle,org.eclipse.team.core,3.5.100.I20100527-0800,"org.eclipse.team.core",1299977606726
started,bundle,org.eclipse.team.cvs.core,3.3.300.I20100526-0800,"org.eclipse.team.cvs.core",1299977606726
started,bundle,org.eclipse.team.cvs.ui,3.3.300.I20100526-0800,"org.eclipse.team.cvs.ui",1299977606727
started,bundle,org.eclipse.team.ui,3.5.100.I20100527-0800,"org.eclipse.team.ui",1299977606728
started,bundle,org.eclipse.ui,3.6.0.I20100603-1100,"org.eclipse.ui",1299977606729
started,bundle,org.eclipse.ui.console,3.5.0.v20100526,"org.eclipse.ui.console",1299977606730
started,bundle,org.eclipse.ui.editors,3.6.0.v20100520-0800,"org.eclipse.ui.editors",1299977606730
started,bundle,org.eclipse.ui.forms,3.5.0.v20100427,"org.eclipse.ui.forms",1299977606730
started,bundle,org.eclipse.ui.ide,3.6.0.I20100601-0800,"org.eclipse.ui.ide",1299977606731
started,bundle,org.eclipse.ui.net,1.2.100.I20100505-1245,"org.eclipse.ui.net",1299977606732
started,bundle,org.eclipse.ui.views,3.5.0.I20100527-0800,"org.eclipse.ui.views",1299977606733
started,bundle,org.eclipse.ui.workbench,3.6.0.I20100603-1100,"org.eclipse.ui.workbench",1299977606734
started,bundle,org.eclipse.ui.workbench.texteditor,3.6.0.v20100520-0800,"org.eclipse.ui.workbench.texteditor",1299977606734
started,bundle,org.eclipse.update.configurator,3.3.100.v20100512,"org.eclipse.update.configurator",1299977606735
started,bundle,org.eclipse.update.core,3.2.400.v20100512,"org.eclipse.update.core",1299977606736
started,bundle,org.eclipse.update.scheduler,3.2.300.v20100512,"org.eclipse.update.scheduler",1299977606736
started,bundle,org.eclipse.wst.common.core,1.2.0.v200908252030,"org.eclipse.wst.common.core",1299977606737
